employee_id,age_band,gender,education_level,marital_status,distance_from_home_band
1,40-49,Female,2,Single,0-5
2,40-49,Male,1,Married,6-10
4,30-39,Male,2,Single,0-5
5,30-39,Female,4,Married,0-5
7,18-29,Male,1,Married,0-5
8,30-39,Male,2,Single,0-5
10,50+,Female,3,Married,0-5
11,30-39,Male,1,Divorced,11+
12,30-39,Male,3,Single,11+
13,30-39,Male,3,Married,11+
14,30-39,Male,3,Married,11+
15,18-29,Female,2,Single,11+
16,30-39,Male,1,Divorced,11+
18,30-39,Male,2,Divorced,11+
19,18-29,Male,3,Single,11+
20,18-29,Female,4,Divorced,11+
21,30-39,Male,2,Divorced,0-5
22,18-29,Male,2,Divorced,11+
23,50+,Female,4,Married,0-5
24,30-39,Male,3,Single,0-5
26,18-29,Female,2,Divorced,11+
27,30-39,Male,4,Single,6-10
28,30-39,Female,4,Single,6-10
30,18-29,Male,2,Single,11+
31,30-39,Male,1,Single,6-10
32,50+,Female,3,Divorced,0-5
33,30-39,Female,1,Single,11+
35,40-49,Male,4,Married,6-10
36,40-49,Female,4,Married,6-10
38,40-49,Female,4,Single,0-5
39,30-39,Male,3,Single,0-5
40,40-49,Male,4,Married,6-10
41,30-39,Male,2,Single,6-10
42,30-39,Male,3,Married,0-5
45,18-29,Male,3,Married,0-5
46,40-49,Female,2,Divorced,0-5
47,50+,Male,2,Married,0-5
49,30-39,Female,3,Married,0-5
51,30-39,Female,4,Married,0-5
52,30-39,Female,3,Married,0-5
53,30-39,Male,2,Divorced,0-5
54,18-29,Female,4,Divorced,0-5
55,18-29,Male,3,Single,11+
56,18-29,Male,3,Single,6-10
57,30-39,Female,2,Single,0-5
58,40-49,Female,3,Married,11+
60,30-39,Male,4,Single,11+
61,30-39,Male,2,Married,11+
62,40-49,Male,4,Single,0-5
63,30-39,Male,1,Married,6-10
64,40-49,Male,2,Single,0-5
65,18-29,Male,4,Single,0-5
68,40-49,Female,5,Divorced,0-5
70,30-39,Male,2,Married,11+
72,18-29,Female,3,Married,11+
73,30-39,Female,2,Single,0-5
74,30-39,Male,5,Married,11+
75,30-39,Female,4,Married,11+
76,30-39,Male,4,Divorced,6-10
77,30-39,Male,4,Divorced,0-5
78,30-39,Male,3,Married,0-5
79,30-39,Female,5,Single,11+
80,50+,Female,2,Divorced,6-10
81,50+,Female,3,Single,11+
83,30-39,Female,3,Divorced,6-10
84,50+,Female,3,Divorced,6-10
85,30-39,Male,3,Single,11+
86,40-49,Male,3,Divorced,6-10
88,30-39,Male,3,Married,0-5
90,30-39,Male,3,Married,6-10
91,50+,Female,1,Single,0-5
94,18-29,Male,3,Married,0-5
95,30-39,Male,4,Single,0-5
96,30-39,Male,3,Married,0-5
97,30-39,Female,3,Married,6-10
98,30-39,Female,4,Single,6-10
100,30-39,Male,4,Single,0-5
101,40-49,Male,4,Married,6-10
102,30-39,Male,4,Single,6-10
103,40-49,Male,2,Divorced,0-5
104,30-39,Male,1,Married,0-5
105,30-39,Male,3,Single,0-5
106,50+,Male,2,Married,0-5
107,30-39,Female,3,Divorced,6-10
110,30-39,Male,2,Married,0-5
112,50+,Male,3,Single,6-10
113,18-29,Male,1,Divorced,0-5
116,50+,Male,4,Married,6-10
117,30-39,Male,3,Married,0-5
118,40-49,Male,2,Single,6-10
119,40-49,Male,4,Married,0-5
120,50+,Male,4,Single,11+
121,30-39,Female,2,Divorced,0-5
124,40-49,Male,3,Married,0-5
125,30-39,Male,4,Single,6-10
126,50+,Female,4,Married,0-5
128,18-29,Female,2,Married,0-5
129,18-29,Male,3,Married,0-5
131,50+,Male,4,Single,6-10
132,40-49,Male,3,Married,11+
133,30-39,Male,4,Divorced,6-10
134,30-39,Male,1,Single,0-5
137,18-29,Female,3,Single,6-10
138,30-39,Female,4,Single,6-10
139,30-39,Male,2,Divorced,0-5
140,50+,Female,4,Married,0-5
141,50+,Female,3,Married,0-5
142,18-29,Male,3,Single,0-5
143,18-29,Male,1,Married,6-10
144,18-29,Female,3,Single,11+
145,50+,Female,4,Single,0-5
147,30-39,Male,3,Single,6-10
148,50+,Female,3,Single,11+
150,18-29,Male,1,Married,11+
151,30-39,Female,4,Divorced,6-10
152,30-39,Male,3,Single,0-5
153,30-39,Female,3,Single,0-5
154,30-39,Female,2,Married,11+
155,30-39,Female,2,Divorced,0-5
158,40-49,Male,2,Married,11+
159,30-39,Male,3,Divorced,11+
160,30-39,Male,2,Married,11+
161,50+,Female,4,Married,11+
162,50+,Male,3,Single,6-10
163,30-39,Male,4,Married,6-10
164,18-29,Female,3,Married,6-10
165,50+,Female,4,Married,11+
167,18-29,Male,1,Single,11+
169,18-29,Male,1,Married,0-5
170,40-49,Female,4,Married,11+
171,40-49,Female,3,Single,11+
174,50+,Female,3,Single,11+
175,30-39,Female,3,Married,11+
176,40-49,Male,1,Divorced,6-10
177,18-29,Female,1,Married,11+
178,30-39,Male,2,Divorced,6-10
179,50+,Male,4,Single,6-10
182,30-39,Female,4,Married,0-5
183,18-29,Male,3,Married,11+
184,30-39,Male,3,Married,6-10
190,30-39,Female,3,Single,6-10
192,40-49,Male,3,Single,11+
193,30-39,Female,5,Single,0-5
194,30-39,Female,3,Single,11+
195,30-39,Male,2,Divorced,6-10
197,30-39,Female,3,Divorced,0-5
198,30-39,Male,1,Single,0-5
199,40-49,Male,3,Divorced,6-10
200,40-49,Male,4,Married,6-10
201,18-29,Female,1,Single,0-5
202,40-49,Female,3,Divorced,11+
204,30-39,Male,5,Married,0-5
205,50+,Male,2,Married,6-10
206,40-49,Male,3,Divorced,6-10
207,30-39,Female,3,Single,6-10
208,18-29,Male,1,Married,0-5
211,50+,Male,4,Married,6-10
214,50+,Female,3,Married,6-10
215,40-49,Male,4,Married,0-5
216,30-39,Female,4,Married,0-5
217,18-29,Male,1,Married,11+
218,18-29,Male,3,Divorced,6-10
221,18-29,Male,3,Married,11+
223,50+,Male,2,Divorced,11+
224,18-29,Male,3,Divorced,0-5
226,50+,Female,3,Single,11+
227,40-49,Male,3,Divorced,11+
228,30-39,Female,3,Married,0-5
230,30-39,Female,4,Single,0-5
231,30-39,Male,5,Single,6-10
233,18-29,Male,3,Married,11+
235,18-29,Female,1,Single,0-5
238,30-39,Male,2,Single,0-5
239,30-39,Male,3,Divorced,6-10
240,40-49,Female,2,Divorced,0-5
241,50+,Female,3,Divorced,6-10
242,30-39,Male,3,Single,0-5
243,18-29,Male,3,Single,0-5
244,40-49,Female,2,Divorced,0-5
245,30-39,Female,2,Single,6-10
246,30-39,Female,1,Married,11+
247,30-39,Female,2,Single,11+
248,40-49,Female,2,Single,11+
249,50+,Male,3,Married,0-5
250,50+,Female,2,Divorced,11+
252,30-39,Female,3,Married,11+
253,40-49,Female,1,Married,0-5
254,50+,Male,4,Single,11+
256,30-39,Male,1,Married,0-5
258,50+,Female,3,Single,0-5
259,50+,Male,4,Married,0-5
260,18-29,Female,3,Single,6-10
261,30-39,Male,2,Married,11+
262,40-49,Male,3,Divorced,6-10
264,40-49,Male,2,Married,0-5
267,30-39,Male,3,Married,11+
269,30-39,Female,3,Single,0-5
270,40-49,Female,2,Divorced,11+
271,30-39,Male,4,Married,0-5
273,30-39,Male,3,Married,11+
274,18-29,Male,1,Married,0-5
275,40-49,Male,4,Divorced,11+
277,30-39,Male,4,Divorced,6-10
281,40-49,Male,2,Married,11+
282,30-39,Male,1,Married,11+
283,18-29,Female,3,Married,11+
284,18-29,Male,3,Divorced,0-5
286,30-39,Female,1,Single,11+
287,40-49,Male,5,Married,6-10
288,40-49,Male,4,Divorced,0-5
291,30-39,Male,4,Married,0-5
292,30-39,Male,1,Single,0-5
293,18-29,Female,3,Single,11+
296,50+,Male,4,Married,6-10
297,30-39,Female,3,Single,0-5
298,40-49,Female,3,Single,6-10
299,30-39,Female,4,Single,11+
300,18-29,Male,3,Single,0-5
302,40-49,Female,3,Single,6-10
303,50+,Female,3,Married,0-5
304,30-39,Male,2,Single,0-5
305,30-39,Female,4,Married,0-5
306,30-39,Male,3,Divorced,11+
307,30-39,Male,3,Divorced,0-5
308,30-39,Male,4,Married,0-5
309,50+,Male,3,Married,0-5
311,30-39,Male,4,Divorced,0-5
312,18-29,Female,1,Married,0-5
314,30-39,Female,3,Single,0-5
315,18-29,Male,1,Single,11+
316,50+,Female,3,Single,0-5
319,40-49,Male,2,Married,0-5
321,50+,Male,2,Married,6-10
323,50+,Female,4,Divorced,0-5
325,30-39,Male,3,Married,11+
327,40-49,Female,3,Married,11+
328,30-39,Female,2,Married,0-5
329,50+,Male,4,Single,0-5
330,30-39,Female,2,Married,0-5
331,30-39,Male,3,Single,0-5
332,30-39,Female,4,Divorced,0-5
333,30-39,Male,4,Married,11+
334,40-49,Male,2,Divorced,11+
335,40-49,Male,2,Divorced,11+
336,40-49,Male,3,Married,0-5
337,30-39,Male,4,Divorced,0-5
338,30-39,Female,4,Married,0-5
339,30-39,Male,4,Married,0-5
340,30-39,Female,2,Married,0-5
341,40-49,Male,4,Married,6-10
342,30-39,Male,3,Divorced,6-10
343,30-39,Female,4,Single,0-5
346,18-29,Male,3,Single,11+
347,40-49,Female,2,Single,11+
349,18-29,Male,2,Divorced,11+
350,18-29,Female,3,Married,0-5
351,40-49,Female,3,Divorced,0-5
352,40-49,Male,2,Divorced,0-5
353,50+,Male,3,Married,0-5
355,30-39,Male,2,Single,11+
359,30-39,Male,3,Married,6-10
361,30-39,Male,2,Married,0-5
362,30-39,Male,1,Single,0-5
363,40-49,Female,3,Married,0-5
364,18-29,Male,4,Single,0-5
366,18-29,Male,3,Married,0-5
367,30-39,Male,3,Married,11+
369,18-29,Male,2,Divorced,0-5
372,40-49,Male,2,Married,11+
373,30-39,Male,3,Married,6-10
374,50+,Male,3,Single,0-5
376,40-49,Male,4,Married,11+
377,18-29,Male,3,Married,6-10
378,30-39,Male,4,Married,6-10
379,18-29,Male,2,Single,0-5
380,30-39,Female,4,Divorced,0-5
381,30-39,Female,3,Divorced,11+
382,30-39,Female,2,Divorced,6-10
384,18-29,Female,3,Divorced,0-5
385,50+,Male,1,Divorced,0-5
386,50+,Male,4,Married,0-5
387,40-49,Male,1,Married,0-5
388,18-29,Male,2,Single,0-5
389,50+,Male,2,Married,11+
390,18-29,Male,2,Married,11+
391,30-39,Female,3,Single,0-5
392,40-49,Male,3,Divorced,11+
393,30-39,Male,4,Divorced,11+
394,18-29,Male,4,Divorced,11+
395,18-29,Female,2,Single,6-10
396,40-49,Female,4,Single,6-10
397,30-39,Male,3,Single,0-5
399,30-39,Female,3,Divorced,0-5
401,18-29,Male,4,Single,0-5
403,30-39,Male,3,Married,6-10
404,40-49,Female,3,Married,11+
405,18-29,Male,3,Single,0-5
406,30-39,Male,3,Married,11+
407,30-39,Male,4,Married,11+
408,50+,Male,3,Divorced,0-5
410,40-49,Male,4,Single,0-5
411,18-29,Female,3,Single,6-10
412,18-29,Male,2,Single,11+
416,30-39,Male,3,Married,6-10
417,30-39,Male,3,Divorced,0-5
419,30-39,Female,4,Married,11+
420,30-39,Male,3,Married,6-10
421,30-39,Female,2,Married,11+
422,50+,Male,4,Divorced,0-5
423,30-39,Male,4,Married,0-5
424,30-39,Male,3,Married,0-5
425,40-49,Male,3,Divorced,6-10
426,30-39,Male,4,Divorced,0-5
428,30-39,Female,4,Married,0-5
429,30-39,Male,1,Married,6-10
430,40-49,Female,4,Single,6-10
431,40-49,Female,2,Single,0-5
433,50+,Male,4,Married,6-10
434,18-29,Female,3,Single,0-5
436,30-39,Female,2,Married,6-10
437,18-29,Male,3,Single,0-5
438,30-39,Male,3,Divorced,6-10
439,30-39,Female,4,Single,0-5
440,18-29,Male,4,Married,0-5
441,30-39,Female,2,Married,11+
442,30-39,Female,2,Married,6-10
444,30-39,Male,2,Married,6-10
445,30-39,Female,2,Married,0-5
446,30-39,Male,3,Single,6-10
447,40-49,Male,5,Married,0-5
448,40-49,Female,4,Divorced,6-10
449,18-29,Male,1,Married,0-5
450,50+,Female,4,Single,11+
451,40-49,Female,3,Married,6-10
452,40-49,Male,4,Married,6-10
453,40-49,Male,2,Married,0-5
454,18-29,Male,4,Married,6-10
455,18-29,Male,5,Single,6-10
456,30-39,Female,3,Divorced,0-5
458,18-29,Female,4,Married,6-10
460,30-39,Male,2,Divorced,0-5
461,30-39,Male,2,Divorced,11+
462,30-39,Female,4,Single,6-10
463,18-29,Female,1,Divorced,6-10
464,30-39,Male,4,Single,0-5
465,18-29,Male,1,Divorced,11+
466,40-49,Male,3,Single,6-10
467,40-49,Male,1,Single,0-5
468,40-49,Female,5,Single,11+
469,18-29,Male,3,Married,0-5
470,40-49,Male,1,Divorced,0-5
471,30-39,Female,3,Married,0-5
473,40-49,Female,1,Married,11+
474,30-39,Male,3,Divorced,6-10
475,30-39,Female,2,Married,11+
476,18-29,Male,3,Married,0-5
477,40-49,Male,4,Single,0-5
478,18-29,Female,1,Single,0-5
479,30-39,Female,5,Single,0-5
481,30-39,Male,4,Married,0-5
482,50+,Male,4,Married,0-5
483,40-49,Female,4,Married,6-10
484,18-29,Male,2,Single,6-10
485,30-39,Female,3,Single,0-5
486,30-39,Female,3,Married,6-10
487,40-49,Female,4,Married,6-10
488,40-49,Male,3,Single,0-5
491,50+,Male,3,Single,6-10
492,40-49,Male,2,Married,11+
493,30-39,Male,4,Single,6-10
494,18-29,Female,3,Single,11+
495,18-29,Male,3,Single,11+
496,30-39,Male,4,Single,6-10
497,18-29,Male,2,Divorced,0-5
498,18-29,Male,4,Single,6-10
499,40-49,Male,3,Single,6-10
500,50+,Female,2,Married,11+
501,30-39,Female,3,Married,0-5
502,30-39,Male,3,Single,11+
505,50+,Female,3,Single,0-5
507,18-29,Female,4,Divorced,6-10
508,30-39,Male,1,Married,0-5
510,18-29,Male,1,Single,0-5
511,18-29,Female,3,Married,11+
513,30-39,Male,2,Married,0-5
514,30-39,Male,3,Single,0-5
515,30-39,Female,3,Divorced,11+
516,40-49,Female,2,Divorced,0-5
517,40-49,Female,4,Divorced,0-5
518,30-39,Male,4,Single,6-10
520,40-49,Male,3,Divorced,11+
521,40-49,Female,3,Married,0-5
522,50+,Male,2,Married,0-5
523,30-39,Female,4,Married,0-5
524,30-39,Female,2,Married,6-10
525,40-49,Male,3,Married,11+
526,40-49,Female,4,Divorced,6-10
527,18-29,Female,2,Single,0-5
529,30-39,Female,5,Married,11+
530,30-39,Male,2,Married,0-5
531,30-39,Male,1,Divorced,0-5
532,50+,Female,3,Married,6-10
533,30-39,Female,3,Single,11+
534,40-49,Male,3,Married,0-5
536,18-29,Male,2,Divorced,11+
538,18-29,Male,3,Married,0-5
543,50+,Male,3,Married,0-5
544,40-49,Male,2,Married,6-10
546,50+,Female,2,Married,0-5
547,40-49,Female,2,Divorced,11+
548,30-39,Female,3,Single,0-5
549,50+,Female,3,Married,6-10
550,40-49,Female,3,Divorced,11+
551,40-49,Female,4,Married,11+
554,18-29,Female,1,Single,0-5
555,30-39,Female,2,Divorced,6-10
556,30-39,Male,2,Married,0-5
558,40-49,Female,4,Married,0-5
560,18-29,Female,3,Divorced,11+
562,30-39,Male,3,Married,0-5
564,18-29,Male,4,Married,0-5
565,18-29,Female,5,Married,11+
566,18-29,Male,2,Single,0-5
567,30-39,Female,4,Married,11+
568,50+,Male,3,Divorced,11+
569,50+,Male,4,Married,11+
571,30-39,Female,3,Single,0-5
573,50+,Female,3,Married,11+
574,40-49,Female,2,Divorced,0-5
575,40-49,Male,3,Married,0-5
577,30-39,Male,3,Single,11+
578,50+,Female,4,Single,6-10
579,30-39,Male,4,Divorced,0-5
580,40-49,Female,3,Married,6-10
581,30-39,Male,1,Divorced,6-10
582,30-39,Male,1,Married,11+
584,30-39,Male,1,Divorced,6-10
585,30-39,Male,1,Single,6-10
586,30-39,Male,3,Married,11+
587,30-39,Male,3,Married,11+
590,30-39,Female,3,Divorced,11+
591,40-49,Male,2,Married,0-5
592,30-39,Male,4,Single,6-10
593,18-29,Male,1,Single,0-5
595,40-49,Female,5,Married,0-5
597,50+,Female,5,Single,11+
599,40-49,Male,2,Single,6-10
600,30-39,Male,3,Married,0-5
601,40-49,Female,3,Single,6-10
602,30-39,Female,1,Married,6-10
604,30-39,Male,1,Single,0-5
605,40-49,Male,3,Married,11+
606,40-49,Male,3,Married,0-5
608,18-29,Female,4,Divorced,11+
611,18-29,Male,3,Divorced,11+
612,30-39,Female,5,Divorced,0-5
613,30-39,Male,3,Divorced,6-10
614,18-29,Male,3,Single,0-5
615,40-49,Male,3,Divorced,11+
616,40-49,Female,4,Single,0-5
618,18-29,Male,2,Divorced,11+
620,30-39,Female,3,Single,0-5
621,30-39,Male,4,Single,11+
622,18-29,Male,3,Single,11+
623,30-39,Female,3,Single,0-5
624,40-49,Female,1,Married,11+
625,40-49,Female,5,Married,0-5
626,30-39,Male,4,Divorced,6-10
630,50+,Male,2,Divorced,6-10
631,30-39,Male,4,Married,11+
632,18-29,Male,3,Married,11+
634,30-39,Female,3,Married,6-10
635,30-39,Female,4,Married,0-5
638,40-49,Male,4,Divorced,11+
639,18-29,Male,3,Married,11+
641,18-29,Male,2,Married,11+
643,18-29,Male,2,Married,11+
644,50+,Male,3,Married,0-5
645,18-29,Male,1,Married,11+
647,18-29,Female,3,Married,6-10
648,30-39,Male,4,Married,11+
649,30-39,Male,2,Married,0-5
650,30-39,Male,4,Divorced,11+
652,30-39,Male,2,Single,11+
653,30-39,Male,4,Divorced,6-10
655,18-29,Female,4,Divorced,6-10
656,30-39,Male,3,Married,0-5
657,18-29,Female,3,Single,0-5
659,40-49,Female,4,Married,0-5
661,40-49,Male,4,Divorced,6-10
662,30-39,Female,1,Single,0-5
663,40-49,Male,5,Divorced,6-10
664,40-49,Female,4,Married,0-5
665,40-49,Female,4,Single,0-5
666,30-39,Female,3,Divorced,11+
667,18-29,Male,1,Divorced,0-5
669,18-29,Male,1,Single,11+
671,40-49,Male,4,Married,0-5
675,18-29,Male,1,Married,6-10
677,30-39,Male,4,Divorced,6-10
679,30-39,Female,4,Married,6-10
680,30-39,Female,3,Divorced,0-5
682,50+,Female,1,Single,0-5
683,30-39,Male,5,Married,0-5
684,40-49,Female,4,Married,11+
686,18-29,Female,3,Married,6-10
689,30-39,Male,3,Married,0-5
690,18-29,Female,2,Married,0-5
691,30-39,Male,4,Single,6-10
692,30-39,Male,3,Divorced,6-10
698,50+,Male,4,Married,11+
699,30-39,Male,2,Divorced,6-10
700,18-29,Male,4,Single,0-5
701,18-29,Male,1,Single,6-10
702,30-39,Male,3,Single,0-5
704,30-39,Male,3,Married,0-5
705,18-29,Male,3,Married,0-5
707,18-29,Male,3,Married,6-10
709,30-39,Female,4,Single,6-10
710,18-29,Male,4,Divorced,0-5
712,40-49,Male,1,Married,0-5
714,18-29,Female,1,Divorced,0-5
715,30-39,Male,2,Single,6-10
716,50+,Male,1,Married,11+
717,30-39,Female,3,Single,6-10
720,18-29,Female,2,Single,0-5
721,30-39,Female,4,Single,0-5
722,30-39,Male,3,Single,6-10
723,50+,Male,2,Married,6-10
724,30-39,Female,4,Single,0-5
725,18-29,Female,2,Married,0-5
727,30-39,Female,2,Single,0-5
728,40-49,Male,4,Single,11+
729,40-49,Male,4,Married,0-5
730,50+,Male,3,Married,6-10
731,40-49,Male,4,Divorced,6-10
732,50+,Male,4,Single,11+
733,18-29,Male,2,Divorced,6-10
734,40-49,Male,3,Married,0-5
738,50+,Male,4,Married,6-10
741,18-29,Female,2,Single,0-5
742,30-39,Female,3,Married,6-10
743,30-39,Female,3,Single,0-5
744,40-49,Male,3,Single,11+
746,40-49,Female,3,Divorced,0-5
747,30-39,Male,5,Divorced,11+
749,18-29,Male,3,Single,6-10
752,40-49,Male,3,Divorced,11+
754,40-49,Male,3,Married,11+
757,30-39,Female,2,Single,6-10
758,18-29,Male,1,Married,6-10
760,30-39,Female,3,Married,0-5
762,50+,Male,3,Married,6-10
763,40-49,Female,1,Single,0-5
764,18-29,Female,3,Single,6-10
766,18-29,Male,3,Divorced,6-10
769,50+,Male,3,Single,6-10
771,30-39,Female,4,Divorced,0-5
772,30-39,Male,4,Married,11+
773,30-39,Male,5,Married,0-5
775,30-39,Female,5,Divorced,6-10
776,50+,Male,4,Married,0-5
780,30-39,Male,4,Single,0-5
781,18-29,Female,1,Single,11+
783,40-49,Male,2,Single,0-5
784,18-29,Male,1,Single,6-10
785,40-49,Female,2,Single,11+
786,30-39,Male,3,Single,0-5
787,50+,Male,3,Married,0-5
789,30-39,Male,4,Single,6-10
791,50+,Male,4,Married,11+
792,18-29,Female,2,Divorced,0-5
793,18-29,Female,3,Married,11+
796,18-29,Male,3,Single,6-10
797,30-39,Female,4,Single,0-5
799,50+,Female,4,Divorced,11+
800,18-29,Male,1,Married,6-10
802,30-39,Female,1,Divorced,6-10
803,30-39,Female,4,Single,0-5
804,30-39,Female,4,Single,0-5
805,30-39,Female,4,Married,6-10
806,30-39,Male,3,Married,0-5
807,40-49,Female,2,Married,0-5
808,30-39,Female,2,Married,6-10
809,40-49,Male,3,Divorced,6-10
811,18-29,Male,3,Married,6-10
812,18-29,Male,3,Divorced,6-10
813,50+,Female,4,Married,11+
815,50+,Male,3,Married,0-5
816,18-29,Female,2,Married,0-5
817,30-39,Male,3,Married,6-10
819,30-39,Female,3,Single,11+
820,40-49,Female,2,Married,0-5
823,30-39,Female,3,Married,0-5
824,18-29,Male,2,Married,11+
825,50+,Male,4,Single,0-5
826,30-39,Female,4,Single,0-5
827,40-49,Female,2,Married,0-5
828,18-29,Male,4,Single,0-5
829,30-39,Male,3,Married,11+
830,30-39,Female,3,Married,0-5
832,40-49,Male,4,Single,11+
833,30-39,Female,3,Single,0-5
834,40-49,Female,3,Single,0-5
836,40-49,Male,3,Married,11+
837,30-39,Male,3,Divorced,11+
838,30-39,Female,4,Single,11+
840,40-49,Female,3,Married,11+
842,50+,Male,1,Single,0-5
843,40-49,Male,2,Married,11+
844,18-29,Male,1,Divorced,0-5
845,30-39,Male,3,Single,6-10
846,18-29,Female,4,Married,0-5
847,30-39,Male,2,Married,0-5
848,18-29,Female,2,Married,0-5
850,18-29,Male,3,Married,0-5
851,50+,Female,4,Married,11+
852,40-49,Male,3,Single,0-5
854,18-29,Male,1,Single,0-5
855,30-39,Male,3,Divorced,0-5
856,30-39,Female,1,Single,11+
857,30-39,Male,2,Married,0-5
859,30-39,Male,4,Divorced,11+
861,30-39,Male,4,Divorced,0-5
862,50+,Female,2,Married,6-10
864,40-49,Male,3,Divorced,6-10
865,30-39,Female,2,Married,6-10
867,50+,Female,4,Married,11+
868,30-39,Male,4,Divorced,11+
869,18-29,Male,2,Divorced,6-10
872,18-29,Male,2,Married,0-5
874,40-49,Male,4,Married,6-10
875,40-49,Male,1,Single,0-5
878,30-39,Male,3,Married,6-10
879,18-29,Male,1,Married,0-5
880,30-39,Female,3,Married,6-10
881,30-39,Female,4,Divorced,11+
882,30-39,Male,3,Divorced,0-5
885,18-29,Male,1,Married,0-5
887,40-49,Female,3,Married,0-5
888,18-29,Male,1,Married,0-5
889,30-39,Male,2,Married,0-5
893,30-39,Male,3,Married,6-10
894,40-49,Female,3,Married,0-5
895,30-39,Male,4,Married,11+
896,18-29,Female,3,Divorced,0-5
897,50+,Male,3,Married,6-10
899,30-39,Male,3,Married,11+
900,30-39,Female,2,Married,11+
901,50+,Female,4,Single,11+
902,40-49,Female,3,Married,0-5
903,40-49,Female,2,Married,0-5
904,30-39,Male,2,Single,11+
905,50+,Male,4,Divorced,0-5
909,30-39,Female,3,Married,0-5
910,30-39,Male,2,Divorced,0-5
911,30-39,Male,4,Single,11+
912,18-29,Female,1,Divorced,6-10
913,40-49,Male,2,Married,6-10
916,18-29,Male,4,Single,0-5
918,50+,Male,1,Divorced,0-5
920,40-49,Female,3,Divorced,6-10
922,18-29,Female,3,Single,0-5
923,18-29,Female,1,Single,11+
924,30-39,Male,1,Married,11+
925,40-49,Female,4,Single,0-5
926,18-29,Female,1,Married,0-5
927,40-49,Female,4,Divorced,0-5
930,18-29,Female,3,Divorced,6-10
932,30-39,Male,3,Married,6-10
933,18-29,Female,3,Single,0-5
934,30-39,Male,3,Divorced,6-10
936,40-49,Female,2,Single,11+
939,30-39,Male,4,Single,0-5
940,50+,Female,3,Divorced,0-5
941,30-39,Male,4,Married,6-10
942,30-39,Female,1,Married,11+
944,40-49,Female,2,Married,6-10
945,40-49,Male,4,Married,11+
947,30-39,Female,2,Married,11+
949,30-39,Male,4,Single,6-10
950,30-39,Female,3,Married,0-5
951,30-39,Female,3,Married,0-5
952,18-29,Male,2,Married,11+
954,40-49,Male,4,Divorced,6-10
956,18-29,Male,3,Single,0-5
957,40-49,Male,3,Single,6-10
958,30-39,Male,4,Single,0-5
959,18-29,Male,3,Single,11+
960,18-29,Male,3,Single,0-5
961,30-39,Female,3,Married,11+
964,40-49,Male,4,Divorced,6-10
966,30-39,Female,4,Married,0-5
967,30-39,Male,1,Married,0-5
969,30-39,Female,3,Single,0-5
970,30-39,Male,4,Married,0-5
972,40-49,Male,2,Married,0-5
974,18-29,Female,3,Married,11+
975,30-39,Female,3,Married,11+
976,50+,Male,2,Married,0-5
977,50+,Male,3,Single,0-5
981,50+,Male,2,Divorced,0-5
982,30-39,Male,2,Divorced,6-10
983,30-39,Female,3,Single,6-10
984,30-39,Male,4,Divorced,0-5
985,30-39,Male,5,Single,0-5
986,40-49,Female,3,Single,11+
987,40-49,Male,4,Divorced,11+
990,30-39,Male,4,Divorced,6-10
991,30-39,Male,2,Single,6-10
992,30-39,Male,3,Single,11+
994,18-29,Female,3,Single,6-10
995,30-39,Female,1,Single,11+
996,40-49,Female,4,Divorced,0-5
997,50+,Male,2,Divorced,0-5
998,30-39,Female,4,Married,0-5
999,40-49,Male,3,Divorced,6-10
1001,18-29,Female,4,Married,11+
1002,40-49,Male,2,Married,11+
1003,40-49,Female,2,Single,0-5
1004,30-39,Female,3,Married,11+
1005,50+,Male,3,Married,11+
1006,30-39,Male,1,Married,6-10
1007,40-49,Male,2,Divorced,6-10
1009,18-29,Female,1,Divorced,11+
1010,30-39,Male,4,Divorced,11+
1011,30-39,Female,1,Married,0-5
1012,18-29,Male,2,Single,0-5
1013,50+,Female,3,Married,11+
1014,30-39,Female,4,Divorced,11+
1015,30-39,Female,2,Married,6-10
1016,18-29,Female,3,Single,11+
1017,30-39,Female,3,Single,0-5
1018,18-29,Male,2,Married,0-5
1019,18-29,Male,1,Married,6-10
1022,40-49,Male,3,Single,6-10
1024,40-49,Male,4,Single,0-5
1025,40-49,Female,2,Single,6-10
1026,30-39,Female,1,Married,0-5
1027,18-29,Female,4,Married,0-5
1028,30-39,Male,3,Divorced,6-10
1029,40-49,Male,2,Married,0-5
1030,50+,Male,3,Married,6-10
1032,50+,Female,3,Single,0-5
1033,30-39,Female,2,Married,11+
1034,50+,Male,4,Married,11+
1035,40-49,Female,1,Divorced,6-10
1036,30-39,Male,4,Single,0-5
1037,18-29,Male,2,Single,11+
1038,50+,Female,1,Married,0-5
1039,40-49,Female,3,Married,11+
1040,50+,Female,3,Married,0-5
1042,30-39,Female,4,Single,11+
1043,30-39,Female,3,Single,11+
1044,30-39,Female,1,Single,6-10
1045,40-49,Female,2,Married,11+
1046,30-39,Female,4,Single,11+
1047,30-39,Male,4,Divorced,0-5
1048,50+,Male,2,Married,0-5
1049,40-49,Male,4,Single,11+
1050,50+,Female,3,Married,0-5
1052,30-39,Male,3,Divorced,11+
1053,18-29,Male,3,Married,0-5
1055,30-39,Female,4,Married,6-10
1056,18-29,Male,1,Married,6-10
1060,30-39,Male,4,Married,0-5
1061,50+,Male,4,Married,0-5
1062,30-39,Female,3,Single,0-5
1066,40-49,Male,3,Married,11+
1068,18-29,Female,1,Divorced,0-5
1069,40-49,Male,4,Divorced,0-5
1070,50+,Female,4,Married,0-5
1071,50+,Female,3,Married,6-10
1073,30-39,Female,5,Single,11+
1074,50+,Male,1,Single,0-5
1076,40-49,Male,3,Divorced,11+
1077,18-29,Female,3,Single,6-10
1079,18-29,Female,3,Single,6-10
1080,40-49,Female,4,Divorced,6-10
1081,50+,Male,4,Married,0-5
1082,18-29,Male,2,Single,11+
1083,18-29,Male,2,Married,0-5
1084,30-39,Male,3,Married,11+
1085,40-49,Female,2,Married,6-10
1088,30-39,Female,1,Married,11+
1092,40-49,Male,4,Married,11+
1094,18-29,Male,5,Married,6-10
1096,50+,Male,1,Married,0-5
1097,18-29,Female,3,Single,6-10
1098,40-49,Male,2,Married,0-5
1099,30-39,Male,3,Divorced,0-5
1100,30-39,Male,3,Single,0-5
1101,30-39,Female,4,Single,11+
1102,18-29,Male,2,Divorced,11+
1103,30-39,Male,1,Single,0-5
1105,30-39,Female,4,Divorced,6-10
1106,18-29,Male,1,Married,0-5
1107,18-29,Male,3,Divorced,11+
1108,30-39,Male,3,Single,11+
1109,40-49,Male,2,Married,0-5
1111,18-29,Male,3,Divorced,0-5
1113,50+,Male,4,Single,0-5
1114,30-39,Female,3,Married,6-10
1115,30-39,Male,4,Married,0-5
1116,40-49,Male,4,Single,0-5
1117,40-49,Female,4,Married,6-10
1118,50+,Male,4,Single,6-10
1119,30-39,Male,4,Divorced,6-10
1120,18-29,Female,4,Divorced,11+
1121,18-29,Female,3,Divorced,0-5
1124,40-49,Male,1,Married,0-5
1125,30-39,Male,2,Single,0-5
1126,40-49,Female,3,Married,11+
1127,30-39,Male,3,Divorced,0-5
1128,40-49,Male,3,Single,11+
1131,18-29,Female,1,Single,0-5
1132,30-39,Male,3,Single,6-10
1133,30-39,Male,4,Single,11+
1135,30-39,Male,3,Married,11+
1136,18-29,Male,1,Married,0-5
1137,30-39,Male,2,Divorced,11+
1138,40-49,Male,4,Married,6-10
1140,30-39,Male,2,Single,0-5
1143,18-29,Female,3,Divorced,6-10
1148,40-49,Male,3,Single,11+
1150,18-29,Male,1,Married,6-10
1152,30-39,Male,3,Married,0-5
1154,18-29,Male,3,Divorced,6-10
1156,18-29,Male,1,Single,6-10
1157,30-39,Female,4,Single,6-10
1158,40-49,Male,4,Married,11+
1160,30-39,Male,3,Married,11+
1161,30-39,Female,2,Divorced,11+
1162,18-29,Male,3,Married,6-10
1163,30-39,Female,1,Married,6-10
1164,30-39,Male,4,Single,6-10
1165,18-29,Female,1,Married,11+
1166,40-49,Female,4,Single,6-10
1167,40-49,Male,3,Single,11+
1171,40-49,Male,4,Single,0-5
1172,30-39,Male,4,Married,0-5
1173,18-29,Male,3,Single,11+
1175,18-29,Female,1,Married,11+
1177,18-29,Male,4,Married,0-5
1179,30-39,Male,3,Married,6-10
1180,40-49,Female,2,Married,11+
1182,30-39,Male,3,Divorced,0-5
1184,30-39,Male,3,Single,0-5
1185,30-39,Male,4,Married,0-5
1188,40-49,Female,3,Single,6-10
1190,30-39,Female,1,Divorced,0-5
1191,50+,Female,4,Divorced,0-5
1192,18-29,Female,1,Married,6-10
1193,18-29,Male,2,Single,6-10
1195,40-49,Female,3,Married,6-10
1196,30-39,Female,3,Married,0-5
1198,18-29,Male,3,Single,0-5
1200,40-49,Male,4,Single,6-10
1201,50+,Female,2,Divorced,6-10
1202,18-29,Female,1,Married,11+
1203,18-29,Male,4,Married,0-5
1204,40-49,Female,3,Married,0-5
1206,40-49,Male,3,Single,11+
1207,30-39,Male,3,Married,0-5
1210,40-49,Male,2,Divorced,0-5
1211,30-39,Male,4,Divorced,11+
1212,40-49,Male,4,Married,0-5
1215,50+,Female,3,Married,0-5
1216,18-29,Male,4,Married,11+
1217,40-49,Male,2,Married,11+
1218,30-39,Male,4,Married,11+
1219,18-29,Female,2,Married,11+
1220,30-39,Female,3,Married,11+
1221,30-39,Male,4,Divorced,6-10
1224,30-39,Male,4,Divorced,6-10
1225,40-49,Male,4,Single,11+
1226,18-29,Male,3,Single,11+
1228,40-49,Male,4,Divorced,0-5
1231,40-49,Male,5,Married,0-5
1233,50+,Male,4,Divorced,6-10
1234,30-39,Female,3,Married,11+
1235,30-39,Female,2,Single,0-5
1237,30-39,Female,3,Divorced,0-5
1238,30-39,Male,3,Married,6-10
1239,40-49,Female,3,Divorced,6-10
1240,18-29,Male,4,Single,6-10
1241,30-39,Male,3,Married,0-5
1242,40-49,Female,5,Married,11+
1243,30-39,Female,2,Married,6-10
1244,18-29,Male,3,Married,11+
1245,50+,Female,4,Divorced,0-5
1246,40-49,Female,1,Married,0-5
1248,18-29,Female,3,Single,6-10
1249,18-29,Female,3,Divorced,0-5
1250,50+,Male,3,Married,0-5
1251,30-39,Male,2,Married,11+
1252,30-39,Female,3,Single,11+
1254,50+,Female,3,Single,0-5
1255,40-49,Male,3,Married,0-5
1256,40-49,Male,2,Married,0-5
1257,30-39,Male,3,Married,0-5
1258,40-49,Male,2,Single,0-5
1259,18-29,Male,2,Divorced,0-5
1260,18-29,Male,3,Divorced,6-10
1263,40-49,Male,3,Single,0-5
1264,18-29,Female,3,Divorced,0-5
1265,30-39,Female,3,Married,11+
1267,40-49,Male,3,Married,0-5
1268,30-39,Male,5,Divorced,6-10
1269,18-29,Female,3,Single,11+
1270,18-29,Male,2,Married,0-5
1273,18-29,Male,1,Single,11+
1275,18-29,Male,2,Single,0-5
1277,40-49,Female,3,Single,0-5
1278,50+,Male,1,Divorced,6-10
1279,18-29,Female,2,Single,6-10
1280,40-49,Female,2,Married,0-5
1281,30-39,Female,3,Single,0-5
1282,50+,Male,3,Divorced,6-10
1283,50+,Male,4,Single,11+
1285,30-39,Female,3,Divorced,11+
1286,18-29,Male,4,Single,0-5
1288,40-49,Male,2,Divorced,0-5
1289,30-39,Male,3,Married,11+
1291,30-39,Male,1,Married,6-10
1292,40-49,Female,4,Married,6-10
1293,40-49,Female,4,Single,0-5
1294,30-39,Female,4,Single,0-5
1295,40-49,Female,3,Married,11+
1296,18-29,Male,3,Married,0-5
1297,50+,Female,2,Single,6-10
1298,30-39,Female,2,Single,6-10
1299,18-29,Female,3,Divorced,6-10
1301,18-29,Male,3,Single,0-5
1303,18-29,Female,3,Single,0-5
1304,30-39,Male,3,Married,6-10
1306,40-49,Female,3,Single,11+
1307,30-39,Female,4,Divorced,11+
1308,50+,Male,4,Divorced,11+
1309,30-39,Male,2,Married,6-10
1310,30-39,Male,3,Single,11+
1311,30-39,Female,3,Married,6-10
1312,30-39,Female,4,Married,6-10
1314,40-49,Female,2,Single,0-5
1315,18-29,Female,3,Married,0-5
1317,50+,Female,3,Married,11+
1318,40-49,Male,4,Single,11+
1319,50+,Male,3,Single,0-5
1321,30-39,Female,4,Married,11+
1322,30-39,Male,2,Single,11+
1324,30-39,Female,4,Divorced,0-5
1329,40-49,Male,2,Single,6-10
1331,30-39,Female,3,Single,0-5
1333,40-49,Male,3,Married,0-5
1334,40-49,Male,1,Married,0-5
1336,50+,Female,2,Married,0-5
1338,50+,Male,4,Single,6-10
1340,40-49,Male,2,Divorced,11+
1344,30-39,Male,3,Divorced,6-10
1346,40-49,Male,3,Single,0-5
1349,40-49,Female,3,Divorced,0-5
1350,30-39,Male,4,Single,0-5
1352,50+,Male,3,Divorced,0-5
1355,30-39,Female,2,Divorced,0-5
1356,30-39,Female,2,Single,11+
1358,18-29,Male,1,Married,11+
1360,50+,Female,4,Married,6-10
1361,40-49,Male,4,Married,0-5
1362,30-39,Female,3,Married,6-10
1363,40-49,Male,3,Single,0-5
1364,18-29,Female,3,Married,11+
1367,50+,Female,2,Single,11+
1368,18-29,Female,3,Single,0-5
1369,30-39,Female,3,Married,0-5
1371,18-29,Male,1,Single,0-5
1372,50+,Male,4,Single,11+
1373,50+,Male,3,Married,11+
1374,30-39,Female,1,Divorced,11+
1375,40-49,Female,1,Divorced,0-5
1377,30-39,Male,3,Married,11+
1379,30-39,Female,3,Single,0-5
1380,30-39,Female,4,Married,11+
1382,30-39,Male,3,Divorced,6-10
1383,30-39,Female,4,Single,0-5
1387,18-29,Male,3,Married,11+
1389,30-39,Male,4,Married,11+
1390,30-39,Male,4,Married,11+
1391,50+,Male,3,Married,0-5
1392,40-49,Female,3,Divorced,11+
1394,30-39,Male,1,Married,0-5
1395,30-39,Male,1,Married,0-5
1396,30-39,Male,1,Married,0-5
1397,30-39,Male,2,Married,11+
1399,18-29,Male,1,Married,11+
1401,50+,Female,2,Married,11+
1402,40-49,Female,3,Single,6-10
1403,18-29,Female,3,Married,6-10
1405,18-29,Female,4,Single,11+
1407,18-29,Male,1,Single,0-5
1408,40-49,Female,3,Married,6-10
1409,50+,Female,4,Married,6-10
1411,30-39,Female,3,Single,11+
1412,30-39,Male,2,Single,11+
1415,18-29,Male,3,Married,0-5
1417,18-29,Male,3,Single,6-10
1419,18-29,Male,3,Single,11+
1420,40-49,Male,2,Single,11+
1421,18-29,Female,1,Single,11+
1422,50+,Female,3,Single,0-5
1423,50+,Female,3,Married,0-5
1424,50+,Male,4,Divorced,0-5
1425,30-39,Female,4,Single,0-5
1427,30-39,Female,4,Single,0-5
1428,30-39,Female,4,Divorced,6-10
1430,30-39,Female,5,Single,6-10
1431,30-39,Male,4,Divorced,0-5
1433,30-39,Female,3,Single,6-10
1434,18-29,Male,1,Married,11+
1435,30-39,Male,4,Single,0-5
1436,30-39,Female,4,Married,11+
1438,40-49,Male,3,Married,0-5
1439,18-29,Male,2,Married,6-10
1440,30-39,Male,2,Single,0-5
1441,50+,Female,2,Married,0-5
1443,40-49,Female,4,Married,0-5
1445,18-29,Female,1,Married,0-5
1446,30-39,Male,5,Married,6-10
1447,30-39,Female,3,Married,0-5
1448,40-49,Male,5,Married,0-5
1449,40-49,Male,4,Divorced,6-10
1453,30-39,Male,2,Divorced,6-10
1457,40-49,Male,3,Divorced,6-10
1458,30-39,Female,3,Single,0-5
1459,30-39,Female,5,Single,0-5
1460,40-49,Male,3,Divorced,11+
1461,30-39,Female,2,Single,6-10
1464,30-39,Male,3,Married,0-5
1465,40-49,Male,3,Married,11+
1466,40-49,Male,3,Divorced,6-10
1467,30-39,Female,4,Married,6-10
1468,40-49,Male,1,Divorced,6-10
1469,18-29,Male,3,Single,0-5
1471,40-49,Male,3,Single,0-5
1472,50+,Male,3,Single,0-5
1473,40-49,Male,4,Married,0-5
1474,40-49,Male,3,Divorced,0-5
1475,40-49,Male,3,Single,11+
1477,30-39,Male,3,Married,6-10
1478,30-39,Male,3,Single,0-5
1479,30-39,Male,1,Married,11+
1480,40-49,Female,2,Single,6-10
1481,40-49,Female,5,Married,0-5
1482,30-39,Male,3,Divorced,6-10
1483,50+,Male,2,Married,0-5
1484,40-49,Male,4,Divorced,6-10
1485,30-39,Male,3,Divorced,11+
1486,18-29,Male,3,Married,0-5
1487,18-29,Female,3,Single,11+
1489,30-39,Female,4,Single,11+
1492,30-39,Male,1,Married,6-10
1494,18-29,Male,3,Single,6-10
1495,18-29,Female,2,Married,11+
1496,40-49,Male,1,Single,0-5
1497,18-29,Male,3,Divorced,11+
1499,30-39,Male,3,Divorced,0-5
1501,50+,Male,4,Married,0-5
1502,30-39,Female,4,Married,0-5
1503,40-49,Female,3,Married,11+
1504,18-29,Male,2,Single,0-5
1506,18-29,Male,3,Divorced,0-5
1507,18-29,Male,3,Single,6-10
1509,40-49,Female,2,Married,0-5
1513,18-29,Female,1,Married,0-5
1514,18-29,Male,1,Married,11+
1515,30-39,Male,5,Single,6-10
1516,30-39,Male,3,Single,6-10
1520,50+,Female,4,Divorced,11+
1522,18-29,Male,4,Single,0-5
1523,40-49,Male,3,Married,11+
1525,30-39,Female,3,Single,6-10
1527,40-49,Female,3,Married,0-5
1529,30-39,Female,3,Single,11+
1533,18-29,Male,1,Single,11+
1534,40-49,Male,4,Single,6-10
1535,30-39,Male,3,Married,0-5
1537,30-39,Female,3,Single,0-5
1539,50+,Male,5,Single,11+
1541,30-39,Male,2,Married,6-10
1542,40-49,Male,3,Married,0-5
1543,30-39,Male,3,Married,11+
1544,18-29,Female,1,Married,6-10
1545,30-39,Male,3,Single,11+
1546,40-49,Male,3,Married,11+
1547,40-49,Male,3,Married,0-5
1548,40-49,Male,2,Married,6-10
1549,30-39,Male,4,Married,11+
1550,40-49,Male,2,Single,6-10
1551,18-29,Male,2,Divorced,11+
1552,40-49,Male,2,Divorced,6-10
1553,40-49,Male,4,Divorced,0-5
1554,30-39,Female,4,Married,11+
1555,30-39,Female,2,Married,0-5
1556,30-39,Male,4,Single,0-5
1557,40-49,Female,4,Divorced,11+
1558,18-29,Male,3,Married,6-10
1560,30-39,Male,4,Married,6-10
1562,30-39,Male,3,Married,0-5
1563,30-39,Male,4,Married,6-10
1564,30-39,Male,3,Single,0-5
1568,30-39,Male,4,Married,11+
1569,30-39,Female,3,Divorced,0-5
1572,50+,Female,5,Married,0-5
1573,30-39,Male,3,Married,0-5
1574,30-39,Male,4,Married,0-5
1576,40-49,Female,4,Married,11+
1577,30-39,Male,4,Single,6-10
1578,50+,Male,5,Married,11+
1580,30-39,Male,4,Married,0-5
1581,18-29,Female,3,Married,0-5
1582,30-39,Male,3,Married,11+
1583,30-39,Female,3,Single,11+
1585,30-39,Female,4,Single,0-5
1586,18-29,Male,1,Single,0-5
1587,30-39,Female,4,Single,6-10
1588,30-39,Male,3,Married,6-10
1590,18-29,Male,1,Divorced,0-5
1591,50+,Male,3,Married,6-10
1592,18-29,Male,3,Married,6-10
1594,30-39,Male,4,Married,6-10
1595,40-49,Male,2,Single,6-10
1596,30-39,Male,3,Married,11+
1597,30-39,Male,4,Married,6-10
1598,40-49,Female,2,Married,11+
1599,40-49,Male,3,Divorced,11+
1601,30-39,Male,2,Married,6-10
1602,40-49,Male,4,Single,0-5
1604,18-29,Male,3,Married,11+
1605,18-29,Female,2,Married,11+
1606,50+,Male,5,Married,11+
1607,30-39,Female,4,Married,0-5
1608,40-49,Female,3,Divorced,6-10
1609,30-39,Male,3,Married,6-10
1611,40-49,Female,5,Single,0-5
1612,40-49,Male,3,Married,11+
1613,30-39,Male,4,Single,0-5
1614,30-39,Female,4,Married,11+
1615,30-39,Male,4,Divorced,6-10
1617,40-49,Female,4,Married,11+
1618,30-39,Male,5,Married,6-10
1619,18-29,Male,3,Divorced,11+
1621,30-39,Male,5,Married,11+
1622,18-29,Female,3,Divorced,11+
1623,18-29,Male,1,Single,0-5
1624,18-29,Female,2,Single,0-5
1625,40-49,Female,4,Married,11+
1627,30-39,Male,2,Divorced,0-5
1628,40-49,Female,3,Married,11+
1630,30-39,Female,4,Married,6-10
1631,30-39,Male,3,Married,11+
1633,30-39,Female,3,Single,0-5
1635,40-49,Female,2,Divorced,0-5
1638,30-39,Female,2,Married,0-5
1639,30-39,Male,3,Married,6-10
1640,30-39,Female,3,Married,6-10
1641,40-49,Female,3,Single,11+
1642,40-49,Male,5,Married,0-5
1644,40-49,Male,5,Married,0-5
1645,30-39,Male,2,Divorced,11+
1646,18-29,Female,1,Single,0-5
1647,18-29,Female,3,Married,6-10
1648,18-29,Male,3,Single,0-5
1649,40-49,Male,3,Single,6-10
1650,18-29,Male,3,Single,6-10
1651,30-39,Female,4,Married,0-5
1653,18-29,Male,1,Divorced,0-5
1654,30-39,Male,3,Married,11+
1655,40-49,Female,4,Married,11+
1656,50+,Female,5,Divorced,11+
1657,18-29,Female,3,Single,0-5
1658,30-39,Female,3,Divorced,0-5
1659,30-39,Male,3,Single,6-10
1661,40-49,Female,1,Married,6-10
1662,30-39,Female,4,Married,0-5
1664,30-39,Male,2,Divorced,0-5
1665,50+,Female,5,Married,11+
1666,40-49,Male,2,Married,11+
1667,30-39,Male,4,Single,11+
1668,30-39,Male,3,Married,0-5
1669,18-29,Male,3,Divorced,0-5
1670,30-39,Male,4,Divorced,0-5
1671,30-39,Male,3,Divorced,0-5
1673,30-39,Female,4,Married,0-5
1674,40-49,Female,3,Divorced,11+
1675,30-39,Female,3,Single,0-5
1676,40-49,Female,4,Divorced,0-5
1677,40-49,Male,3,Single,0-5
1678,40-49,Male,2,Single,11+
1680,18-29,Male,1,Single,6-10
1681,30-39,Female,3,Divorced,11+
1682,30-39,Male,4,Married,11+
1683,40-49,Female,3,Divorced,0-5
1684,18-29,Male,1,Single,6-10
1687,30-39,Female,2,Married,0-5
1689,50+,Male,4,Married,11+
1691,40-49,Female,2,Married,6-10
1692,30-39,Male,4,Single,0-5
1693,18-29,Male,3,Single,6-10
1694,50+,Male,3,Divorced,11+
1696,30-39,Male,2,Married,0-5
1697,50+,Male,4,Divorced,0-5
1698,30-39,Male,3,Married,11+
1700,30-39,Male,4,Divorced,0-5
1701,30-39,Female,3,Married,11+
1702,18-29,Male,3,Divorced,6-10
1703,40-49,Female,3,Married,0-5
1704,30-39,Male,4,Single,0-5
1706,40-49,Male,3,Married,0-5
1707,18-29,Male,3,Married,6-10
1708,40-49,Male,3,Single,6-10
1709,18-29,Female,4,Married,6-10
1710,30-39,Female,4,Single,0-5
1712,40-49,Male,1,Married,0-5
1714,18-29,Male,1,Married,11+
1716,40-49,Male,3,Married,6-10
1718,18-29,Male,4,Married,11+
1719,40-49,Female,2,Single,11+
1720,30-39,Male,3,Married,6-10
1721,30-39,Male,4,Married,0-5
1722,40-49,Male,3,Married,0-5
1724,40-49,Female,2,Married,6-10
1725,18-29,Male,1,Divorced,11+
1727,40-49,Male,4,Single,11+
1728,30-39,Male,4,Married,11+
1729,30-39,Male,1,Married,11+
1731,40-49,Male,4,Married,0-5
1732,40-49,Male,3,Divorced,0-5
1733,30-39,Male,5,Divorced,11+
1734,30-39,Male,2,Single,0-5
1735,18-29,Female,1,Single,0-5
1736,30-39,Female,1,Single,11+
1737,30-39,Male,3,Married,0-5
1739,30-39,Male,3,Married,11+
1740,40-49,Male,4,Single,6-10
1744,40-49,Female,3,Married,0-5
1745,30-39,Female,4,Single,0-5
1746,18-29,Male,3,Married,6-10
1747,30-39,Female,3,Divorced,6-10
1749,30-39,Male,3,Married,0-5
1751,18-29,Female,3,Single,6-10
1752,18-29,Female,3,Single,6-10
1753,18-29,Male,3,Single,0-5
1754,30-39,Male,2,Divorced,11+
1755,30-39,Male,4,Married,0-5
1756,30-39,Female,3,Single,0-5
1757,40-49,Female,4,Single,11+
1758,30-39,Female,3,Single,11+
1760,30-39,Female,2,Married,0-5
1761,30-39,Male,4,Married,11+
1762,18-29,Female,3,Divorced,0-5
1763,30-39,Male,3,Married,11+
1764,30-39,Male,4,Single,0-5
1766,30-39,Male,3,Married,11+
1767,40-49,Male,3,Married,11+
1768,40-49,Male,3,Divorced,11+
1770,50+,Male,3,Married,0-5
1771,30-39,Male,3,Divorced,0-5
1772,40-49,Male,4,Divorced,6-10
1774,30-39,Male,3,Divorced,6-10
1775,50+,Female,4,Married,0-5
1778,40-49,Male,3,Single,0-5
1779,30-39,Female,2,Single,0-5
1780,18-29,Male,1,Single,6-10
1782,30-39,Female,2,Married,6-10
1783,18-29,Female,1,Married,6-10
1784,30-39,Female,4,Married,11+
1786,50+,Female,3,Married,0-5
1787,30-39,Male,2,Married,6-10
1789,40-49,Male,4,Divorced,0-5
1790,30-39,Male,3,Married,6-10
1792,40-49,Male,2,Divorced,0-5
1794,30-39,Male,2,Divorced,6-10
1797,30-39,Male,3,Single,11+
1798,30-39,Male,4,Married,6-10
1799,18-29,Male,3,Married,0-5
1800,30-39,Male,1,Single,6-10
1801,40-49,Male,2,Single,11+
1802,40-49,Female,2,Married,0-5
1803,40-49,Male,3,Married,11+
1804,30-39,Male,2,Divorced,0-5
1805,30-39,Male,3,Divorced,0-5
1807,30-39,Male,4,Married,6-10
1809,30-39,Male,4,Single,6-10
1812,30-39,Male,3,Divorced,11+
1813,40-49,Male,3,Single,6-10
1814,40-49,Male,3,Single,0-5
1815,40-49,Female,1,Divorced,0-5
1816,30-39,Female,3,Single,6-10
1818,18-29,Female,2,Married,11+
1821,40-49,Female,2,Married,11+
1822,40-49,Female,3,Divorced,0-5
1823,30-39,Male,2,Married,6-10
1824,50+,Male,3,Divorced,0-5
1826,30-39,Male,4,Married,11+
1827,40-49,Female,3,Divorced,0-5
1829,40-49,Female,3,Divorced,11+
1830,50+,Female,4,Married,6-10
1833,30-39,Female,4,Married,6-10
1834,18-29,Female,3,Married,0-5
1835,30-39,Female,4,Married,0-5
1836,18-29,Male,3,Single,6-10
1837,50+,Male,4,Married,11+
1839,18-29,Female,3,Single,11+
1842,30-39,Male,5,Married,11+
1844,18-29,Male,3,Divorced,11+
1845,40-49,Female,4,Married,0-5
1847,30-39,Female,4,Married,0-5
1849,40-49,Male,4,Married,0-5
1850,18-29,Female,2,Single,0-5
1852,18-29,Male,1,Married,11+
1853,30-39,Male,4,Single,6-10
1854,40-49,Male,4,Married,6-10
1856,40-49,Female,4,Single,6-10
1857,40-49,Male,2,Divorced,0-5
1858,18-29,Male,2,Divorced,0-5
1859,18-29,Male,1,Divorced,11+
1860,40-49,Male,3,Single,6-10
1862,30-39,Male,4,Single,0-5
1863,40-49,Female,3,Divorced,0-5
1864,18-29,Female,1,Married,11+
1865,18-29,Male,1,Married,6-10
1866,40-49,Female,3,Married,6-10
1867,40-49,Male,3,Married,6-10
1868,18-29,Male,2,Single,11+
1869,40-49,Female,3,Married,6-10
1870,18-29,Female,3,Married,11+
1871,30-39,Male,4,Divorced,11+
1873,50+,Male,4,Married,0-5
1875,18-29,Female,3,Married,0-5
1876,30-39,Male,3,Single,6-10
1878,18-29,Male,1,Single,6-10
1880,30-39,Female,4,Married,6-10
1881,30-39,Male,3,Divorced,11+
1882,30-39,Male,3,Married,0-5
1883,18-29,Male,3,Single,6-10
1885,30-39,Male,4,Married,6-10
1886,30-39,Female,2,Married,11+
1888,40-49,Female,2,Married,11+
1890,30-39,Male,1,Single,0-5
1892,40-49,Male,4,Divorced,0-5
1893,18-29,Female,2,Married,0-5
1898,18-29,Female,2,Single,0-5
1900,40-49,Female,3,Divorced,11+
1903,40-49,Male,4,Married,0-5
1905,30-39,Male,4,Married,11+
1907,50+,Male,2,Single,11+
1908,30-39,Male,2,Married,11+
1909,40-49,Female,3,Married,6-10
1911,40-49,Male,3,Married,6-10
1912,30-39,Female,2,Divorced,6-10
1915,30-39,Female,1,Married,0-5
1916,30-39,Female,3,Divorced,0-5
1918,18-29,Male,3,Married,6-10
1922,40-49,Male,4,Single,0-5
1924,30-39,Male,4,Single,6-10
1927,18-29,Male,2,Married,0-5
1928,18-29,Male,3,Single,11+
1929,30-39,Female,4,Married,11+
1931,18-29,Male,4,Married,0-5
1932,30-39,Male,4,Married,11+
1933,18-29,Female,2,Single,11+
1934,40-49,Male,4,Married,11+
1935,50+,Female,5,Married,11+
1936,30-39,Male,2,Married,6-10
1937,30-39,Female,3,Divorced,6-10
1938,50+,Female,3,Married,11+
1939,30-39,Female,2,Single,0-5
1940,30-39,Male,2,Divorced,6-10
1941,40-49,Male,1,Married,0-5
1943,40-49,Male,4,Divorced,11+
1944,18-29,Female,3,Married,11+
1945,30-39,Male,4,Married,11+
1947,18-29,Male,3,Single,11+
1948,30-39,Male,2,Divorced,0-5
1949,30-39,Male,4,Married,6-10
1950,30-39,Male,3,Single,0-5
1951,30-39,Male,4,Divorced,11+
1952,18-29,Male,3,Single,0-5
1954,18-29,Male,3,Married,0-5
1955,30-39,Female,4,Divorced,11+
1956,30-39,Male,3,Married,0-5
1960,18-29,Male,3,Divorced,11+
1961,30-39,Male,3,Single,0-5
1962,30-39,Female,4,Married,6-10
1965,18-29,Male,3,Single,6-10
1966,30-39,Male,4,Single,0-5
1967,30-39,Male,4,Married,11+
1968,50+,Male,4,Single,11+
1969,50+,Female,2,Married,6-10
1970,30-39,Male,2,Divorced,6-10
1971,40-49,Male,3,Married,11+
1972,30-39,Male,4,Married,0-5
1973,50+,Male,4,Married,11+
1974,30-39,Female,1,Divorced,0-5
1975,30-39,Male,4,Single,11+
1976,40-49,Male,2,Single,11+
1979,30-39,Female,3,Married,6-10
1980,50+,Female,3,Single,6-10
1981,18-29,Male,2,Single,0-5
1982,18-29,Male,2,Single,11+
1985,40-49,Female,3,Married,11+
1986,40-49,Female,2,Married,0-5
1987,18-29,Female,3,Married,0-5
1989,30-39,Male,2,Married,0-5
1992,18-29,Male,1,Divorced,0-5
1993,40-49,Male,3,Single,11+
1994,30-39,Male,2,Divorced,0-5
1995,30-39,Male,4,Married,0-5
1996,30-39,Male,2,Married,0-5
1997,30-39,Male,4,Married,6-10
1998,40-49,Male,4,Divorced,11+
1999,40-49,Male,3,Married,0-5
2000,40-49,Female,1,Married,0-5
2003,30-39,Male,4,Married,11+
2007,18-29,Male,2,Single,0-5
2008,30-39,Male,4,Single,6-10
2009,30-39,Female,2,Married,11+
2010,30-39,Female,4,Single,11+
2012,40-49,Male,4,Married,0-5
2013,30-39,Male,4,Married,0-5
2014,30-39,Male,1,Single,11+
2015,30-39,Female,3,Married,6-10
2016,30-39,Female,4,Married,0-5
2017,30-39,Female,3,Married,6-10
2018,18-29,Female,2,Divorced,6-10
2019,50+,Male,4,Divorced,11+
2020,40-49,Male,3,Single,0-5
2021,18-29,Male,1,Single,0-5
2022,30-39,Male,3,Single,6-10
2023,18-29,Male,3,Married,6-10
2024,30-39,Female,3,Married,0-5
2025,30-39,Female,2,Divorced,0-5
2026,50+,Male,4,Divorced,0-5
2027,18-29,Male,4,Married,0-5
2031,40-49,Male,3,Married,0-5
2032,50+,Male,2,Married,6-10
2034,40-49,Female,4,Married,11+
2035,30-39,Female,3,Married,11+
2036,30-39,Male,4,Divorced,11+
2037,40-49,Male,3,Divorced,0-5
2038,30-39,Male,3,Single,0-5
2040,30-39,Female,4,Single,11+
2041,30-39,Female,2,Married,6-10
2044,50+,Male,4,Divorced,0-5
2045,30-39,Female,4,Married,11+
2046,40-49,Female,3,Single,11+
2048,40-49,Male,4,Single,0-5
2049,30-39,Male,4,Married,11+
2051,40-49,Female,4,Married,0-5
2052,30-39,Female,4,Married,0-5
2053,18-29,Male,2,Married,11+
2054,18-29,Female,4,Single,11+
2055,50+,Male,3,Divorced,11+
2056,30-39,Female,1,Married,11+
2057,30-39,Male,3,Single,0-5
2060,18-29,Female,3,Single,0-5
2061,30-39,Male,2,Married,11+
2062,30-39,Male,1,Married,6-10
2064,18-29,Male,3,Married,0-5
2065,40-49,Male,3,Married,0-5
2068,30-39,Male,3,Married,6-10
